"CardName","Program","Issuer","Link","IntroOffer","Cash","Points","Nights","Credit","FeeWaived1stYr","Fee","Spend","img","Rate","MaxValue","isMax","newMax","x2017.04.04.1","x2017.04.04","x2017.04.03","x2017.03.23","x2017.03.22","x2017.03.21","x2017.03.19","x2017.03.18","x2017.03.16","x2017.03.15","x2017.03.14","x2017.03.13","x2017.03.10","x2017.03.09","x2017.03.07","x2017.03.06","x2017.03.03","x2017.03.02","x2017.03.01","x2017.02.28","x2017.02.27","x2017.02.24","x2017.02.23","x2017.02.22","x2017.02.21","x2017.02.16","x2017.02.15","x2017.02.13"
"AAdvantage Aviator Red World Elite Mastercard","American","Barclay","https://home.barclaycardus.com/cards/aadvantage-aviator-red-world-elite-mastercard.html","Earn 40,000 American Airlines AAdvantage<U+00AE> bonus miles",0,40000,0,0,0,95,0,"https://home.barclaycardus.com/content/dam/bcuspublic/card-plastic/card-front/AAFlat-Card.png",0.015,600,FALSE,FALSE,505,505,505,505,505,505,505,505,600,505,505,505,505,505,505,505,505,505,505,505,505,505,505,505,505,505,505,505
"AARP Credit Card from Chase","Chase Ultimate Rewards","Chase","https://creditcards.chase.com/credit-cards/aarp?iCELL=61FY","$100 Bonus Cash Back after you spend $500 on purchases in the first 3 months.",100,0,0,0,0,0,500,"https://creditcards.chase.com/R-Marketplace/1110008/images/cardart/aarp_card.png",0.021,100,TRUE,FALSE,100,100,100,100,100,100,100,100,100,100,100,100,100,100,100,100,100,100,100,100,100,100,100,100,100,100,100,100
"Ace Rewards Visa Signature Card","FlexPoints","US","https://www.usbank.com/credit-cards/ace-rewards-visa-credit-card.html","Receive a $25 Ace Reward for every 12,500 points you earn.",0,12500,0,0,0,0,0,"https://www.usbank.com//images/credit-card/ACE_110x70.png",0.01,125,TRUE,FALSE,125,125,125,125,125,125,125,125,125,NA,NA,NA,NA,NA,NA,NA,NA,NA,NA,NA,NA,NA,NA,NA,NA,NA,NA,NA
"AeroMexico Visa Card","AeroMexico","US","https://www.usbank.com/credit-cards/aeromexico-visa-credit-card.html?ics_src=19649","Receive 15,000 bonus miles after your first card use.1",0,15000,0,0,1,45,0,"https://www.usbank.com//images/credit-card/aeromexico_plat_110_70.png?6-15",0.01,150,TRUE,FALSE,150,150,150,150,150,150,150,150,105,NA,NA,NA,NA,NA,NA,NA,NA,NA,NA,NA,NA,NA,NA,NA,NA,NA,NA,NA
"AeroMexico Visa Secured Card","AeroMexico","US","https://www.usbank.com/credit-cards/aeromexico-visa-secured-credit-card.html?ics_src=19649","Receive 5,000 bonus miles after your first card use.2",0,5000,0,0,1,25,0,"https://www.usbank.com//images/credit-card/aeromexico_plat_110_70.png?6-15",0.01,50,TRUE,FALSE,50,50,50,50,50,50,50,50,25,NA,NA,NA,NA,NA,NA,NA,NA,NA,NA,NA,NA,NA,NA,NA,NA,NA,NA,NA
"AeroMexico Visa Signature Card","AeroMexico","US","https://www.usbank.com/credit-cards/aeromexico-visa-signature-credit-card.html?ics_src=19649","Receive 20,000 bonus miles after your first card use.1",0,20000,0,0,1,80,0,"https://www.usbank.com//images/credit-card/aeromexico_sig_110_70.png?6-15",0.01,200,TRUE,FALSE,200,200,200,200,200,200,200,200,120,NA,NA,NA,NA,NA,NA,NA,NA,NA,NA,NA,NA,NA,NA,NA,NA,NA,NA,NA
"Alaska Airlines Visa Signature","Alaska","BOA","https://www.bankofamerica.com/credit-cards/products/alaska-airlines-credit-card/","30,000 bonus miles offer",0,30000,0,0,0,75,1000,"https://www.bankofamerica.com/content/images/ContextualSiteGraphics/CreditCardArt/en_US/Approved_PCM/1bbt_sigcm_v_mileageplan_250x158.png",0.019,570,FALSE,FALSE,495,495,495,495,495,495,495,495,570,495,495,495,495,495,495,495,495,495,465,465,465,465,465,465,465,225,465,465
"Allegiant World Mastercard","Allegiant","BOA","https://www.bankofamerica.com/credit-cards/products/allegiant-world-credit-card/","15,000 bonus points offer",0,15000,0,0,0,59,1000,"https://www.bankofamerica.com/content/images/ContextualSiteGraphics/CreditCardArt/en_US/Approved_PCM/ragp_wldcm_mc_250x158.png",0.01,150,FALSE,FALSE,91,91,91,91,91,91,91,91,150,91,91,91,91,91,91,91,91,91,91,91,91,91,91,91,91,91,91,91
"Amazon Rewards Visa Signature Card","Amazon","Chase","https://creditcards.chase.com/credit-cards/amazon-rewards?iCELL=61FY","$50 Amazon.com Gift Card will be instantly loaded into your Amazon.com account upon the approval of your credit card application.",0,0,0,0,0,0,0,"https://creditcards.chase.com/R-Marketplace/1110008/images/cardart/amazon_card.png",0.01,50,FALSE,FALSE,0,0,0,0,0,0,0,50,50,50,50,50,50,50,50,50,50,50,50,50,50,50,50,50,50,50,50,50
"American Express Green Card","American Express Membership Rewards","Amex","https://www.americanexpress.com/us/credit-cards/card/green/","Start Your Journey with GreenEarn 2x Membership Rewards points for each dollar you spend on eligible purchases at amextravel.com.Earn 1x points on every eligible dollar you spend. Terms and limitations apply<U+0087>",0,0,0,0,1,95,0,"https://icm.aexp-static.com/Internet/Acquisition/US_en/AppContent/OneSite/category/cardarts/green-card.png",0.019,0,TRUE,FALSE,0,0,0,0,0,0,0,0,-95,-95,-95,-95,-95,-95,-95,-95,-95,-95,-95,-95,-95,-95,-95,-95,-95,-95,-95,-95
"Amex EveryDay Credit Card","American Express Membership Rewards","Amex","https://www.americanexpress.com/us/credit-cards/card/amex-everyday/","Earn 10,000Membership Rewards<U+00AE> pointsafter you use your new Card to make $1,000 in purchases in your first 3 months.<U+0086>",0,10000,0,0,0,0,1000,"https://icm.aexp-static.com/Internet/Acquisition/US_en/AppContent/OneSite/category/cardarts/amex-everyday.png",0.019,190,TRUE,FALSE,190,190,190,190,190,190,190,190,190,190,190,190,190,190,190,190,190,190,190,190,190,190,190,190,190,190,190,190
"Amex EveryDay Preferred Credit Card","American Express Membership Rewards","Amex","https://www.americanexpress.com/us/credit-cards/card/amex-everyday-preferred/","Earn 15,000Membership Rewards<U+00AE> Pointsafter you use your new Card to make $1,000 on purchases on your new Card in your first 3 months.<U+0086>",0,15000,0,0,0,95,1000,"https://icm.aexp-static.com/Internet/Acquisition/US_en/AppContent/OneSite/category/cardarts/amex-everyday-preferred.png",0.019,285,FALSE,FALSE,190,190,190,190,190,190,190,190,285,190,190,190,190,190,190,190,190,190,190,190,190,190,190,190,190,190,190,190
"Amtrak Guest Rewards World Mastercard","Amtrak","BOA","https://www.bankofamerica.com/credit-cards/products/amtrak-guest-rewards-credit-card/","20,000 bonus points offer",0,20000,0,0,0,79,1000,"https://www.bankofamerica.com/content/images/ContextualSiteGraphics/CreditCardArt/en_US/Approved_PCM/ragm_nrwwldcm_mc_250x158.png",0.025,500,FALSE,FALSE,421,421,421,421,421,421,421,421,500,421,421,421,421,421,421,421,421,421,421,421,421,421,421,421,421,121,421,421
"Asiana Visa Signature","Asiana","BOA","https://www.bankofamerica.com/credit-cards/products/asiana-airlines-credit-card/","30,000 bonus miles offer",0,30000,0,0,0,99,3000,"https://www.bankofamerica.com/content/images/ContextualSiteGraphics/CreditCardArt/en_US/Approved_PCM/1bbu_sigcm_v_250x158.png",0.01,420,FALSE,FALSE,201,201,201,321,321,321,321,321,420,321,321,321,321,321,321,321,321,201,201,201,201,201,201,201,201,201,201,201
"AT&T Access Card From Citi","AT&T","Citi","https://www.citi.com/credit-cards/credit-card-details/citi.action?ID=citi-att-access-credit-card&category=view-all-credit-cards&afc=1C2&intc=7~7~67~1~MCT~1~CMSDefaultOffer~6AKZ17D681C2111111W","Earn 10,000 Bonus ThankYou® Points after making 1,000 in purchases within 3 months of account opening.Plus earn 2X points on purchases made online at retail and travel websites.",0,10000,0,0,0,0,0,"https://www.citi.com/CRD/images/card_no_reflection/citi-att-access-credit-card.jpg",0.01,160,FALSE,FALSE,100,100,100,100,100,100,100,100,100,100,100,100,100,100,100,100,100,100,160,160,160,160,160,160,160,160,160,160
"BankAmericard","BOA","BOA","https://www.bankofamerica.com/credit-cards/products/bankamericard-credit-card/","The perfect card for those seeking a simple yet convenient-to-use credit card",0,0,0,0,0,0,0,"https://www.bankofamerica.com/content/images/ContextualSiteGraphics/CreditCardArt/en_US/Approved_PCM/8aze_nrwcm_mc_250x158.png",0.01,0,TRUE,FALSE,0,0,0,0,0,0,0,0,0,0,0,0,0,0,0,0,0,0,0,0,0,0,0,0,0,0,0,0
"BankAmericard Better Balance Rewards","BOA","BOA","https://www.bankofamerica.com/credit-cards/products/better-balance-rewards/","Earn $25 per quarter to pay down your balance faster when you pay more than the monthly minimum on time each month",0,0,0,0,0,0,0,"https://www.bankofamerica.com/content/images/ContextualSiteGraphics/CreditCardArt/en_US/Approved_PCM/8byq_bbrpltcm_mc_250x158.png",0.01,0,TRUE,FALSE,0,0,0,0,0,0,0,0,0,0,0,0,0,0,0,0,0,0,0,0,0,0,0,0,0,0,0,0
"BankAmericard Cash Rewards","BOA","BOA","https://www.bankofamerica.com/credit-cards/products/cash-back-credit-card/","$100 online cash rewards bonus offer",100,0,0,0,0,0,500,"https://www.bankofamerica.com/content/images/ContextualSiteGraphics/CreditCardArt/en_US/Approved_PCM/8beb_cshsigcm_v_250x158.png",0.01,100,TRUE,FALSE,100,100,100,100,100,100,100,100,100,100,100,100,100,100,100,100,100,100,100,100,100,100,100,100,100,100,100,100
"BankAmericard Cash Rewards for Students","BOA","BOA","https://www.bankofamerica.com/credit-cards/products/student-cash-back-credit-card/","Start building your financial future",0,0,0,0,0,0,500,"https://www.bankofamerica.com/content/images/ContextualSiteGraphics/CreditCardArt/en_US/Approved_PCM/8azc_cshcm_v_250x158.png",0.01,0,TRUE,FALSE,0,0,0,0,0,0,0,0,0,0,0,0,0,0,0,0,0,0,0,0,0,0,0,0,0,0,0,0
"BankAmericard for Students","BOA","BOA","https://www.bankofamerica.com/credit-cards/products/low-interest-student-credit-card/","Start building your financial future",0,0,0,0,0,0,0,"https://www.bankofamerica.com/content/images/ContextualSiteGraphics/CreditCardArt/en_US/Approved_PCM/8aze_nrwcm_mc_250x158.png",0.01,0,TRUE,FALSE,0,0,0,0,0,0,0,0,0,0,0,0,0,0,0,0,0,0,0,0,0,0,0,0,0,0,0,0
"BankAmericard Secured","BOA","BOA","https://www.bankofamerica.com/credit-cards/products/secured-credit-card/","Help establish, strengthen - or even rebuild your credit with a card that's simple and convenient",0,0,0,0,0,39,0,"https://www.bankofamerica.com/content/images/ContextualSiteGraphics/CreditCardArt/en_US/Approved_PCM/8aze_nrwcm_mc_250x158.png",0.01,0,FALSE,FALSE,-39,-39,-39,-39,-39,-39,-39,-39,0,-39,-39,-39,-39,-39,-39,-39,-39,-39,-39,-39,-39,-39,-39,-39,-39,-39,-39,-39
"BankAmericard Travel Rewards","BOA","BOA","https://www.bankofamerica.com/credit-cards/products/bankamericard-travel-rewards-credit-card/","20,000 online bonus points offer",0,20000,0,0,0,0,1000,"https://www.bankofamerica.com/content/images/ContextualSiteGraphics/CreditCardArt/en_US/Approved_PCM/8blm_trvsigcm_v_250x158.png",0.01,200,TRUE,FALSE,200,200,200,200,200,200,200,200,200,200,200,200,200,200,200,200,200,200,200,200,200,200,200,200,200,200,200,200
"BankAmericard Travel Rewards for Students","BOA","BOA","https://www.bankofamerica.com/credit-cards/products/student-rewards-credit-card/","Start building your financial future",0,0,0,0,0,0,1000,"https://www.bankofamerica.com/content/images/ContextualSiteGraphics/CreditCardArt/en_US/Approved_PCM/8blm_trvcm_v_250x158.png",0.01,0,TRUE,FALSE,0,0,0,0,0,0,0,0,0,0,0,0,0,0,0,0,0,0,0,0,0,0,0,0,0,0,0,0
"Barclaycard Arrival Plus World Elite MasterCard","Barclaycard Arrival","Barclay","https://home.barclaycardus.com/cards/barclaycard-arrival-plus-world-elite-mastercard.html","Earn 50,000 bonus miles after spending $3,000 on purchases in the first 90 days",0,50000,0,0,1,89,3000,"https://home.barclaycardus.com/content/dam/bcuspublic/card-plastic/card-front/bcus-arrival-plus1.png",0.01,500,TRUE,FALSE,500,500,500,500,500,500,500,500,411,411,411,411,411,411,411,411,411,411,411,411,411,411,411,411,411,411,411,411
"Barclaycard CashForward World MasterCard","Barclaycard Arrival Miles","Barclay","https://home.barclaycardus.com/cards/barclaycard-cashforward.html","Get a $100 cash rewards bonus with qualifying transactions",100,0,0,0,0,0,500,"https://home.barclaycardus.com/content/dam/bcuspublic/card-plastic/card-front/cashforward1.png",0.01,100,TRUE,FALSE,100,100,100,100,100,100,100,100,100,100,100,100,100,100,100,100,100,100,100,100,100,100,100,100,100,100,100,100
"Barclaycard Ring MasterCard","Barclaycard Arrival Miles","Barclay","https://home.barclaycardus.com/cards/barclaycard-ring-mastercard.html",NA,0,0,0,0,0,0,0,"https://home.barclaycardus.com/content/dam/bcuspublic/card-plastic/card-front/bcus-ring1.png",0.01,0,TRUE,FALSE,0,0,0,0,0,0,0,0,0,0,0,0,0,0,0,0,0,0,0,0,0,0,0,0,0,0,0,0
"Barclaycard Visa with Apple Rewards","Barclaycard Arrival Miles","Barclay","https://home.barclaycardus.com/cards/barclaycard-visa-apple-rewards.html",NA,0,0,0,0,0,0,0,"https://home.barclaycardus.com/content/dam/bcuspublic/card-plastic/card-front/apple1_ns.png",0.01,0,TRUE,FALSE,0,0,0,0,0,0,0,0,0,0,0,0,0,0,0,0,0,0,0,0,0,0,0,0,0,0,0,0
"Bass Pro Shops Outdoor Rewards","BOA","BOA","https://www.bankofamerica.com/credit-cards/products/bass-pro-shops-credit-card/","Earn unlimited Outdoor Rewards and redeem at any Bass Pro Shops to start saving on the gear you want the most",0,0,0,0,0,0,0,"https://www.bankofamerica.com/content/images/ContextualSiteGraphics/CreditCardArt/en_US/Approved_PCM/dbdv_rewwldvhd_mc_250x158.png",0.01,0,TRUE,FALSE,0,0,0,0,0,0,0,0,0,0,0,0,0,0,0,0,0,0,0,0,0,0,0,0,0,0,0,0
"Blue Cash Card from American Express","American Express Membership Rewards","Amex","https://www.americanexpress.com/us/credit-cards/card/blue-cash/","Enjoy Cash Back Rewards<U+0087>",0,0,0,0,0,0,0,"https://icm.aexp-static.com/Internet/Acquisition/US_en/AppContent/OneSite/category/cardarts/blue-cash.png",0.019,0,TRUE,FALSE,0,0,0,0,0,0,0,0,0,0,0,0,0,0,0,0,0,0,0,0,0,0,0,0,0,0,0,0
"Blue Cash Everyday Card from American Express","American Express Membership Rewards","Amex","https://www.americanexpress.com/us/credit-cards/card/blue-cash-everyday/","LIMITED TIME OFFER10% Back at U.S. RestaurantsApply by 05/03/17 to earn 10% back at U.S. Restaurants on the Card within the first 6 months of Card Membership, up to $200 back in statement credits.<U+0086> PLUS, EARN $100 BACK after you spend $1,000 in purchases on the Card within the first 3 months of Card Membership.<U+0086>",100,0,0,0,0,0,1000,"https://icm.aexp-static.com/Internet/Acquisition/US_en/AppContent/OneSite/category/cardarts/blue-cash-everyday.png",0.019,100,TRUE,FALSE,100,100,100,100,100,100,100,100,100,100,100,100,100,100,100,100,100,100,100,100,100,100,100,100,100,100,100,100
"Blue Cash Preferred Card from American Express","American Express Membership Rewards","Amex","https://www.americanexpress.com/us/credit-cards/card/blue-cash-preferred/","LIMITED TIME OFFER10% Back at U.S. RestaurantsApply by 05/03/17 to earn 10% back at U.S. Restaurants on the Card within the first 6 months of Card Membership, up to $200 back in statement credits.<U+0086> PLUS, EARN $150 BACK after you spend $1,000 in purchases on the Card within the first 3 months of Card Membership.<U+0086>",150,0,0,0,0,95,1000,"https://icm.aexp-static.com/Internet/Acquisition/US_en/AppContent/OneSite/category/cardarts/blue-cash-preferred.png",0.019,150,FALSE,FALSE,55,55,55,55,55,55,55,55,150,55,-95,-95,-95,-95,-95,-95,-95,-95,-95,-95,-95,-95,-95,55,55,55,55,55
"Blue for Business Credit Card","American Express Membership Rewards","Amex","https://www.americanexpress.com/us/small-business/credit-cards/american-express-blue-for-business-credit-card/44281?linknav=us-acq-open-aj-allcards-blueforbusiness-lm","Earn 10,000 Membership Rewards<U+00AE> pointsafter making your first purchase on the Card within your first 3 months of Card Membership.<U+0086>",0,10000,0,0,0,0,0,"https://icm.aexp-static.com/Internet/Acquisition/US_en/AppContent/OPEN/AJ/ngaosbn/OAimages/amex-open/cardarts/thumbnail/flat/retina/flat-cardart-79.png?version=8",0.019,190,TRUE,FALSE,190,190,190,190,190,190,190,190,190,190,190,190,190,190,190,190,190,190,190,190,190,190,190,190,190,190,190,190
"Blue from American Express Card","American Express Membership Rewards","Amex","https://www.americanexpress.com/us/credit-cards/card/blue/","Earn Rewards with No Annual Fee",0,0,0,0,0,0,0,"https://icm.aexp-static.com/Internet/Acquisition/US_en/AppContent/OneSite/category/cardarts/blue.png",0.019,0,TRUE,FALSE,0,0,0,0,0,0,0,0,0,0,0,0,0,0,0,0,0,0,0,0,0,0,0,0,0,0,0,0
"Blue Sky from American Express Card","American Express Membership Rewards","Amex","https://www.americanexpress.com/us/credit-cards/card/blue-sky/","Flexible Travel Rewardsand no annual fee.<U+0087><U+00A4>",0,0,0,0,0,0,0,"https://icm.aexp-static.com/Internet/Acquisition/US_en/AppContent/OneSite/category/cardarts/blue-sky.png",0.019,0,TRUE,FALSE,0,0,0,0,0,0,0,0,0,0,0,0,0,0,0,0,0,0,0,0,0,0,0,0,0,0,0,0
"British Airways Visa Signature card","British Airways","Chase","https://creditcards.chase.com/credit-cards/british-airways?iCELL=61FY","50,000 bonus Avios after you spend $3,000 on purchases within the first 3 months of account opening.",0,50000,0,0,0,95,3000,"https://creditcards.chase.com/R-Marketplace/1110008/images/cardart/ba_sig_card.png",0.015,750,FALSE,FALSE,655,655,655,655,655,655,655,655,750,655,655,655,655,655,655,655,655,655,655,655,655,655,655,655,655,655,655,655
"Business Green Rewards Card","American Express Membership Rewards","Amex","https://www.americanexpress.com/us/small-business/credit-cards/american-express-green-business-card/44281?linknav=us-acq-open-aj-allcards-greenrewards-lm","Earn 5,000 Membership Rewards<U+00AE> points after your first purchase on the Card.<U+0086>",0,5000,0,0,1,95,0,"https://icm.aexp-static.com/Internet/Acquisition/US_en/AppContent/OPEN/AJ/ngaosbn/OAimages/amex-open/cardarts/thumbnail/flat/retina/flat-cardart-89.png?version=8",0.019,95,TRUE,FALSE,95,95,95,95,95,95,95,95,0,0,0,0,0,0,0,0,0,0,0,0,0,0,0,0,95,0,0,0
"Carnival World MasterCard","Carnival","Barclay","https://home.barclaycardus.com/cards/carnival-world-mastercard.html","10,000 Bonus <U+0093>FunPoints<U+00AE><U+0094> after first purchase",0,10000,0,0,0,0,0,"https://home.barclaycardus.com/content/dam/bcuspublic/card-plastic/card-front/SMC_card_rRGB_CarnivalWM_EMV_230x157.png",0.01,100,TRUE,FALSE,100,100,100,100,100,100,100,100,100,100,100,100,100,100,100,100,100,100,100,100,100,100,100,100,100,100,100,100
"Celebrity Cruises","Celebrity","BOA","https://www.bankofamerica.com/credit-cards/products/celebrity-cruises-credit-card/","10,000 MyCruise<U+00AE> bonus points offer",0,10000,0,0,0,69,0,"https://www.bankofamerica.com/content/images/ContextualSiteGraphics/CreditCardArt/en_US/Approved_PCM/ragf_sigcm_v_fee_250x158.png",0.01,100,FALSE,FALSE,31,31,31,31,31,31,31,31,100,31,31,31,31,31,31,31,31,31,31,31,31,31,31,31,31,31,31,31
"Chase Freedom","Chase Ultimate Rewards","Chase","https://creditcards.chase.com/credit-cards/chase-freedom?iCELL=61FY","$150 bonus after you spend $500 on purchases in the first 3 months from account opening.",150,0,0,0,0,0,500,"https://creditcards.chase.com/R-Marketplace/1110008/images/cardart/freedom_card.png",0.021,150,TRUE,FALSE,150,150,150,150,150,150,150,150,150,150,150,150,150,150,150,150,150,150,150,150,150,150,150,150,150,150,150,150
"Chase Freedom Unlimited","Chase Ultimate Rewards","Chase","https://creditcards.chase.com/credit-cards/chase-freedom-unlimited?iCELL=61FY","$150 bonus after you spend $500 on purchases in the first 3 months from account opening.",150,0,0,0,0,0,500,"https://creditcards.chase.com/R-Marketplace/1110008/images/cardart/freedom_unlimited_card.png",0.021,150,TRUE,FALSE,150,150,150,150,150,150,150,150,150,150,150,150,150,150,150,150,150,150,150,150,150,150,150,150,150,150,150,150
"Chase Sapphire Preferred","Chase Ultimate Rewards","Chase","https://creditcards.chase.com/credit-cards/chase-sapphire-preferred?iCELL=61FY","50,000 bonus points after you spend $4,000 on purchases in the first 3 months from account opening. That's $625 toward travel when redeemed through Chase Ultimate Rewards<U+00AE>.",0,50000,0,0,1,95,4000,"https://creditcards.chase.com/R-Marketplace/1110008/images/cardart/sapphire_preferred_card.png",0.021,1050,TRUE,FALSE,1050,1050,1050,1050,1050,1050,1050,1050,955,955,955,955,955,955,955,955,955,955,955,955,955,955,955,955,955,955,955,955
"Chase Sapphire Reserve","Chase Ultimate Rewards","Chase","https://creditcards.chase.com/credit-cards/chase-sapphire-reserve?iCELL=61FY","50,000 bonus points after you spend $4,000 on purchases in the first 3 months from account opening.",0,50000,0,300,0,450,4000,"https://creditcards.chase.com/R-Marketplace/1110008/images/cardart/sapphire_reserve_card.png",0.021,1350,FALSE,FALSE,900,900,900,900,900,900,900,900,1350,900,900,900,900,900,900,900,900,900,900,900,900,900,900,900,900,900,900,900
"Chase Slate","Chase Ultimate Rewards","Chase","https://creditcards.chase.com/credit-cards/chase-slate?iCELL=61FY","Intro balance transfer offer Pay no balance transfer fee when you transfer a balance during the first 60 days your account is open.<U+0086> After the first 60 days your account is open, the fee for future balance transfers is 5% of the amount transferred, with a minimum of $5.<U+0086>",0,0,0,0,0,0,0,"https://creditcards.chase.com/R-Marketplace/1110008/images/cardart/slate_card.png",0.021,0,TRUE,FALSE,0,0,0,0,0,0,0,0,0,0,0,0,0,0,0,0,0,0,0,0,0,0,0,0,0,0,0,0
"Choice Privileges Visa Signature Card","Choice Privileges","Barclay","https://home.barclaycardus.com/cards/choice-privileges-visa-signature-card.html","40,000 bonus points after you spend $1,000 in purchases in the first 90 days  $0 annual fee",0,40000,0,0,0,0,1000,"https://home.barclaycardus.com/content/dam/bcuspublic/card-plastic/card-front/choice1.png",0.006,240,TRUE,FALSE,240,240,240,192,192,192,192,192,192,192,192,192,192,192,192,192,192,192,192,192,192,192,192,192,192,192,192,192
"Citi AAdvantage Executive World Elite Mastercard","American","Citi","https://www.citi.com/credit-cards/credit-card-details/citi.action?ID=citi-aadvantage-executive-credit-card&category=view-all-credit-cards&afc=1C2&intc=7~7~67~1~MCT~1~citi-aadvantage-executive-credit-card~4XEIWGP711C2L10201W","Don't pass this offer up - apply today Earn 50,000 American Airlines AAdvantage® bonus miles after making $5,000 in purchases within the first 3 months of account opening. 2 Plus, Admirals Club® membership. Annual Fee $$4501",0,50000,0,0,0,450,5000,"https://www.citi.com/CRD/images/card_no_reflection/citi-aadvantage-executive-credit-card.jpg",0.015,300,TRUE,FALSE,300,300,300,NA,NA,NA,NA,NA,NA,NA,NA,NA,NA,NA,NA,NA,NA,NA,NA,NA,NA,NA,NA,NA,NA,NA,NA,NA
"Citi AAdvantage Gold World Elite Mastercard","American","Citi","https://www.citi.com/credit-cards/credit-card-details/citi.action?ID=citi-aadvantage-gold-elite-credit-card&category=view-all-credit-cards&afc=1C2&intc=7~7~67~1~MCT~1~CMSDefaultOffer~4XRW12V731C2111111W","Earn 25,000 American Airlines AAdvantage® bonus miles after making $750 in purchases within the first 3 months of account opening2 Enjoy our lowest intro APR on purchases and balance transfers. Annual Fee: $50 (Fee waived for the first 12 months)1",0,25000,0,0,1,50,750,"https://www.citi.com/CRD/images/card_no_reflection/citi-aadvantage-gold-elite-credit-card.jpg",0.015,375,TRUE,FALSE,375,375,375,NA,NA,NA,NA,NA,NA,NA,NA,NA,NA,NA,NA,NA,NA,NA,NA,NA,NA,NA,NA,NA,NA,NA,NA,NA
"Citi AAdvantage Platinum Select World Elite Mastercard","American","Citi","https://www.citi.com/credit-cards/credit-card-details/citi.action?ID=citi-aadvantage-platinum-elite-credit-card&category=view-all-credit-cards&afc=1C2&intc=7~7~67~1~MCT~1~citi-aadvantage-platinum-elite-credit-card~4XSX173721C2L10201W","Don't pass this up - apply today Earn 30,000 American Airlines AAdvantage® bonus miles after making $1,000 in purchases within the first 3 months of account opening.2 Annual Fee: $95 (Fee waived for the first 12 months)1",0,30000,0,0,1,95,1000,"https://www.citi.com/CRD/images/card_no_reflection/citi-aadvantage-platinum-elite-credit-card.jpg",0.015,450,TRUE,FALSE,450,450,450,NA,NA,NA,NA,NA,NA,NA,NA,NA,NA,NA,NA,NA,NA,NA,NA,NA,NA,NA,NA,NA,NA,NA,NA,NA
"Citi Diamond Preferred Card","Citi ThankYou Rewards","Citi","https://www.citi.com/credit-cards/credit-card-details/citi.action?ID=citi-diamond-preferred-credit-card&category=view-all-credit-cards&afc=1C2&intc=7~7~67~1~MCT~1~citi-diamond-preferred-credit-card~4DNZ5S9721C2L10201W","Our lowest intro APR for 21 months plus VIP access.",0,0,0,0,0,0,0,"https://www.citi.com/CRD/images/card_no_reflection/citi-diamond-preferred-credit-card.jpg",0.01,0,TRUE,FALSE,0,0,0,0,0,0,0,0,0,0,0,0,0,0,0,0,0,0,0,0,0,0,0,0,0,0,0,0
"Citi Double Cash Card","Citi ThankYou Rewards","Citi","https://www.citi.com/credit-cards/credit-card-details/citi.action?ID=citi-double-cash-credit-card&category=view-all-credit-cards&afc=1C2&intc=7~7~67~1~MCT~1~citi-double-cash-credit-card~4T5ZMCS711C2L10203W","Earn Cash Back TWICE with 1% on purchases and 1% as you pay for those purchases in full or over time.",0,0,0,0,0,0,0,"https://www.citi.com/CRD/images/card_no_reflection/citi-double-cash-credit-card.jpg",0.01,0,TRUE,FALSE,0,0,0,0,0,0,0,0,0,0,0,0,0,0,0,0,0,0,0,0,0,0,0,0,0,0,0,0
"Citi Hilton HHonors Reserve Card","Hilton","Citi","https://www.citi.com/credit-cards/credit-card-details/citi.action?ID=hilton-hhonors-reserve-card&category=view-all-credit-cards&afc=1C2&intc=7~7~67~1~MCT~1~CMSDefaultOffer~62HZ17A711C2L00101W","Earn two weekend night certificates  after making $2,500 in purchases within the first 4 months of account opening.1 Annual Fee: $951",0,0,0,0,0,95,2500,"https://www.citi.com/CRD/images/card_no_reflection/hilton-hhonors-reserve-card.jpg",0.006,205,FALSE,FALSE,-95,-95,-95,-95,-95,-95,-95,-95,0,-95,-95,-95,-95,-95,-95,-95,-95,-95,-95,-95,-95,-95,-95,-95,-95,205,205,205
"Citi Hilton HHonors Visa Signature Card","Hilton","Citi","https://www.citi.com/credit-cards/credit-card-details/citi.action?ID=hilton-hhonors-visa-signature-card&category=view-all-credit-cards&afc=1C2&intc=7~7~67~1~MCT~1~hilton-hhonors-visa-signature-card~FPSHCN5731C2L10202W","Earn 40,000 Hilton HHonorsTM Bonus Points after making $1,000 in purchases within the first 4 months of account opening.",0,75000,0,0,0,0,1000,"https://www.citi.com/CRD/images/card_no_reflection/hilton-hhonors-visa-signature-card.jpg",0.006,450,TRUE,FALSE,450,450,240,450,450,450,450,450,450,450,450,450,240,450,450,450,450,200,200,200,200,200,200,200,375,375,375,200
"Citi Prestige Card","Citi ThankYou Rewards","Citi","https://www.citi.com/credit-cards/credit-card-details/citi.action?ID=citi-prestige-card&category=view-all-credit-cards&afc=1C2&intc=7~7~67~1~MCT~1~citi-prestige-card~4KMZ13Q671C2H10203W","Earn 40,000 bonus points   after making $4,000 in purchases within the first 3 months of account opening. Annual Fee $450",0,40000,0,250,0,450,4000,"https://www.citi.com/CRD/images/card_no_reflection/citi-prestige-card.jpg",0.01,650,FALSE,FALSE,200,200,200,300,300,300,300,200,650,200,300,300,300,200,300,300,300,200,440,440,440,440,600,600,440,600,600,440
"Citi Secured Mastercard","Citi ThankYou Rewards","Citi","https://www.citi.com/credit-cards/credit-card-details/citi.action?ID=citi-secured-credit-card&category=view-all-credit-cards&afc=1C2&intc=7~7~67~1~MCT~1~CMSDefaultOffer~1P5ZA2Q711C2L00101W","Start building credit for tomorrow with a secured credit card  No Annual Fee1",0,0,0,0,0,0,0,"https://www.citi.com/CRD/images/card_no_reflection/citi-secured-credit-card.jpg",0.01,0,TRUE,FALSE,0,0,0,NA,NA,NA,NA,NA,NA,NA,NA,NA,NA,NA,NA,NA,NA,NA,NA,NA,NA,NA,NA,NA,NA,NA,NA,NA
"Citi Simplicity Card","Citi ThankYou Rewards","Citi","https://www.citi.com/credit-cards/credit-card-details/citi.action?ID=citi-simplicity-credit-card&category=view-all-credit-cards&afc=1C2&intc=7~7~67~1~MCT~1~citi-simplicity-credit-card~4DPZW5F721C2L10203W","To be simple is to be great. This is the only card with No Late Fees, No Penalty Rate and No Annual Fee - Ever. Give it a try and apply to find out what the Citi Simplicity® Card can do for you.",0,0,0,0,0,0,0,"https://www.citi.com/CRD/images/card_no_reflection/citi-simplicity-credit-card.jpg",0.01,0,TRUE,FALSE,0,0,0,0,0,0,0,0,0,0,0,0,0,0,0,0,0,0,0,0,0,0,0,0,0,0,0,0
"Citi ThankYou Preferred Card","Citi ThankYou Rewards","Citi","https://www.citi.com/credit-cards/credit-card-details/citi.action?ID=citi-thankyou-credit-card-preferred-card&category=view-all-credit-cards&afc=1C2&intc=7~7~67~1~MCT~1~CMSDefaultOffer~1NMFFPK721C2L00101W","Earn 15,000 bonus points aftermaking $1,000 in purchases within 3 months of account opening2 Earn 2X on Dining Out and Entertainment2Earn 1X on Everything else2",0,15000,0,0,0,0,1000,"https://www.citi.com/CRD/images/card_no_reflection/citi-thankyou-credit-card-preferred-card.jpg",0.01,240,FALSE,FALSE,150,150,150,150,150,150,150,150,150,150,150,150,150,150,150,150,150,150,240,240,240,240,240,240,240,240,240,240
"Citi ThankYou Preferred Card for College Students","Citi ThankYou Rewards","Citi","https://www.citi.com/credit-cards/credit-card-details/citi.action?ID=citi-thankyou-preferred-credit-cards-for-college-students&category=view-all-credit-cards&intc=7~7~67~1~MCT~1~CMSDefaultOffer~4CYCZ4J6Y0ZL000001W","Earn 2,500 bonus points after spending $500 within the first 3 months of account opening.2",0,2500,0,0,0,0,500,"https://www.citi.com/CRD/images/card_no_reflection/citi-thankyou-preferred-credit-cards-for-college-students.jpg",0.01,40,FALSE,FALSE,25,25,25,25,25,25,25,25,25,25,25,25,25,25,25,25,25,25,40,40,40,40,40,40,40,40,40,40
"Citi ThankYou Premier Card","Citi ThankYou Rewards","Citi","https://www.citi.com/credit-cards/credit-card-details/citi.action?ID=citi-thankyou-premier-credit-card&category=view-all-credit-cards&afc=1C2&intc=7~7~67~1~MCT~1~CMSDefaultOffer~4MMZ5QD711C2111111W","Earn 30,000 bonus points after making $3,000 in purchases within the first 3 months of account opening.2 Annual Fee $95 (Fee waived for the first 12 months)1",0,30000,0,0,1,95,3000,"https://www.citi.com/CRD/images/card_no_reflection/citi-thankyou-premier-credit-card.jpg",0.01,385,FALSE,FALSE,300,300,300,300,300,300,300,300,205,205,205,205,205,205,205,205,205,205,385,385,385,385,385,385,385,385,385,385
"CitiBusiness AAdvantage Platinum Select World Mastercard","American","Citi","https://www.citi.com/credit-cards/credit-card-details/citi.action?ID=citibusiness-aadvantage-platinum-select-credit-card&category=view-all-credit-cards&afc=1C2&intc=7~7~67~1~MCT~1~CMSDefaultOffer~6HXZEL6731C2111111W","Earn 30,000 American<U+00A0>Airlines AAdvantage® bonus miles after spending $1,000 in purchases within the first 3 months of account opening. Annual Fee $95 (Fee waived for the first 12 months)1",0,30000,0,0,1,95,1000,"https://www.citi.com/CRD/images/card_no_reflection/citibusiness-aadvantage-platinum-select-credit-card.jpg",0.015,450,TRUE,FALSE,450,450,450,NA,NA,NA,NA,NA,NA,NA,NA,NA,NA,NA,NA,NA,NA,NA,NA,NA,NA,NA,NA,NA,NA,NA,NA,NA
"Club Carlson Premier Rewards Visa Signature Card","Club Carlson","US","https://www.usbank.com/credit-cards/club-carlson-premier-rewards-visa-signature-credit-card.html","Earn 85,000 Bonus Gold Points after you spend $2,500 on your card in the first 90 days",0,85000,0,0,0,75,2500,"https://www.usbank.com//images/Credit_Cards_110x170/card_credit_110_70_CC_sig.png?1484",0.004,340,FALSE,FALSE,265,265,265,265,265,265,265,265,340,NA,NA,NA,NA,NA,NA,NA,NA,NA,NA,NA,NA,NA,NA,NA,NA,NA,NA,NA
"Club Carlson Rewards Visa Card","Club Carlson","US","https://www.usbank.com/credit-cards/club-carlson-rewards-visa-credit-card.html","Earn 30,000 Bonus Gold Points after you spend $1,000 on your card in the first 90 days",0,30000,0,0,0,0,1000,"https://www.usbank.com//images/Credit_Cards_110x170/club_carlson_rewards_visa_card.png?1484",0.004,120,TRUE,FALSE,120,120,120,120,120,120,120,120,120,NA,NA,NA,NA,NA,NA,NA,NA,NA,NA,NA,NA,NA,NA,NA,NA,NA,NA,NA
"Club Carlson Rewards Visa Signature Card","Club Carlson","US","https://www.usbank.com/credit-cards/club-carlson-rewards-visa-signature-credit-card.html","Earn 60,000 Bonus Gold Points after you spend $1,500 on your card in the first 90 days",0,60000,0,0,0,50,1500,"https://www.usbank.com//images/Credit_Cards_110x170/card_credit_110_70_CC_sig.png?489",0.004,240,FALSE,FALSE,190,190,190,190,190,190,190,190,240,NA,NA,NA,NA,NA,NA,NA,NA,NA,NA,NA,NA,NA,NA,NA,NA,NA,NA,NA
"Costco Anywhere Visa Business Card by Citi","Costco","Citi","https://www.citi.com/credit-cards/credit-card-details/citi.action?ID=Citi-costco-anywhere-visa-business-credit-card&category=view-all-credit-cards&afc=1C2&intc=7~7~67~1~MCT~1~CMSDefaultOffer~6VID127661C2111111W","GO BIG with cash back rewards for business Earn Costco cash rewards everywhere Visa® is accepted.",0,0,0,0,0,0,0,"https://www.citi.com/CRD/images/card_no_reflection/Citi-costco-anywhere-visa-business-credit-card.jpg",0.01,0,TRUE,FALSE,0,0,0,0,0,0,0,0,0,0,0,0,0,0,0,0,0,0,0,0,0,0,0,0,0,0,0,0
"Costco Anywhere Visa Card by Citi","Costco","Citi","https://www.citi.com/credit-cards/credit-card-details/citi.action?ID=Citi-costco-anywhere-visa-credit-card&category=view-all-credit-cards&afc=1C2&intc=7~7~67~1~MCT~1~CMSDefaultOffer~GIDC125661C2111111W","GO BIG with cash back rewards Earn Costco cash rewards everywhere Visa® is accepted.",0,0,0,0,0,0,0,"https://www.citi.com/CRD/images/card_no_reflection/Citi-costco-anywhere-visa-credit-card.jpg",0.01,0,TRUE,FALSE,0,0,0,0,0,0,0,0,0,0,0,0,0,0,0,0,0,0,0,0,0,0,0,0,0,0,0,0
"Delta Reserve Credit Card from American Express","Delta","Amex","https://www.americanexpress.com/us/credit-cards/card/delta-reserve/","Earn 10,000 Medallion<U+00AE> Qualification Miles (MQMs)Earn 10,000 Medallion<U+00AE> Qualification Miles (MQMs) and 10,000 bonus miles after your first purchase on the Card.<U+0086>",0,10000,0,0,0,450,0,"https://icm.aexp-static.com/Internet/Acquisition/US_en/AppContent/OneSite/category/cardarts/delta-reserve.png",0.012,190,FALSE,FALSE,-330,-330,-330,-260,-260,-260,-260,-260,190,-260,-260,-260,-260,-260,-260,-260,-260,-330,-330,-330,-330,-330,-330,-330,-330,-330,-330,-330
"Delta Reserve for Business Credit Card","Delta","Amex","https://www.americanexpress.com/us/small-business/credit-cards/delta-reserve-business-credit-card/44281?linknav=us-acq-open-aj-allcards-deltareserve-lm","Earn 10,000 Medallion<U+00AE> Qualification Miles (MQMs) and 10,000 bonus miles after your first purchase on the Card.<U+0086>",0,10000,0,0,0,450,0,"https://icm.aexp-static.com/Internet/Acquisition/US_en/AppContent/OPEN/AJ/ngaosbn/OAimages/amex-open/cardarts/thumbnail/flat/retina/flat-cardart-756.png?version=8",0.012,190,FALSE,FALSE,-330,-330,-330,-260,-260,-260,-260,-260,190,-260,-260,-260,-260,-260,-260,-260,-260,-330,-330,-330,-330,-330,-330,-330,-330,-330,-330,-330
"Diamond Resorts International MasterCard","Diamond Resorts","Barclay","https://home.barclaycardus.com/cards/diamond-resorts-international-mastercard.html","2,500 bonus Diamond Plus Points after your first purchase",0,2500,0,0,0,0,0,"https://home.barclaycardus.com/content/dam/bcuspublic/card-plastic/card-front/diamond1.png",0.01,25,TRUE,FALSE,25,25,25,25,25,25,25,25,25,25,25,25,25,25,25,25,25,25,25,25,25,25,25,25,25,25,25,25
"Disney Premier Visa Card","Disney","Chase","https://creditcards.chase.com/credit-cards/disney-premier?iCELL=61FY","$200 Disney Gift Card after you spend $500 on purchases in the first 3 months from account opening.",200,0,0,0,0,49,500,"https://creditcards.chase.com/R-Marketplace/1110008/images/cardart/disney_premier_card.png",0.01,200,FALSE,FALSE,151,151,151,151,151,151,151,151,200,151,151,151,151,151,151,151,151,151,151,151,151,151,151,151,151,151,151,151
"Disney Rewards Visa Card","Disney","Chase","https://creditcards.chase.com/credit-cards/disney-rewards?iCELL=61FY","$50 Disney Gift Card after first purchase with the credit card.",50,0,0,0,0,0,0,"https://creditcards.chase.com/R-Marketplace/1110008/images/cardart/disney_card.png",0.01,50,TRUE,FALSE,50,50,50,50,50,50,50,50,50,50,50,50,50,50,50,50,50,50,50,50,50,50,50,50,50,50,50,50
"EXPEDIA + CARD from Citi","EXPEDIA","Citi","https://www.citi.com/credit-cards/credit-card-details/citi.action?ID=expedia-plus&category=view-all-credit-cards&afc=1C2&intc=7~7~67~1~MCT~1~expedia-plus~4WCIE95711C2L10201W","Earn 15,000 Expedia+ bonus points  after $1,000 in purchases within 3 months of account opening",0,15000,0,0,0,0,1000,"https://www.citi.com/CRD/images/card_no_reflection/expedia-plus.jpg",0.01,240,FALSE,FALSE,150,150,150,150,150,150,150,150,150,150,150,150,150,150,150,150,150,150,240,240,240,240,240,240,240,240,240,240
"EXPEDIA + VOYAGER CARD from Citi","EXPEDIA","Citi","https://www.citi.com/credit-cards/credit-card-details/citi.action?ID=expedia-plus-voyager&category=view-all-credit-cards&afc=1C2&intc=7~7~67~1~MCT~1~expedia-plus-voyager~4WHIE97711C2L10201W","Earn a 25,000 Expedia+ bonus points after $2,000 in purchases within 3 months of account opening Annual Fee: $95",0,25000,0,0,0,95,2000,"https://www.citi.com/CRD/images/card_no_reflection/expedia-plus-voyager.jpg",0.01,305,FALSE,FALSE,155,155,155,155,155,155,155,155,250,155,155,155,155,155,155,155,155,155,305,305,305,305,305,305,305,305,305,305
"Fred Meyer Rewards Visa Card","FlexPoints","US","https://www.usbank.com/credit-cards/fred-meyer-rewards-visa-credit-card.html","Earn Rewards and save up to $1.25 off a gallon of fuel for ONE YEAR!3",0,0,0,0,0,0,0,"https://www.usbank.com//images/Credit_Cards_110x170/reward_fredMeyer_card_S.jpg",0.01,0,TRUE,FALSE,0,0,0,0,0,0,0,0,0,NA,NA,NA,NA,NA,NA,NA,NA,NA,NA,NA,NA,NA,NA,NA,NA,NA,NA,NA
"Frontier Airlines World MasterCard","Frontier","Barclay","https://home.barclaycardus.com/cards/frontier-airlines-world-mastercard.html","Earn 40,000 bonus miles",0,40000,0,0,1,69,500,"https://home.barclaycardus.com/content/dam/bcuspublic/card-plastic/card-front/FTA_card_rCMY_Frontier_Fee_WM_F76877_EMV_230x157_v2.png",0.011,440,TRUE,FALSE,440,440,440,440,440,440,440,440,371,371,371,371,371,371,371,371,371,371,371,371,371,371,371,371,371,371,371,371
"Gold Card from American Express","American Express Membership Rewards","Amex","https://www.americanexpress.com/us/credit-cards/card/gold/","Get 2X Points2X points for flights booked directly with airlines and at US restaurants.1X points on other purchases.Terms and limitations apply.<U+0087>",0,0,0,0,1,160,0,"https://icm.aexp-static.com/Internet/Acquisition/US_en/AppContent/OneSite/category/cardarts/gold-card.png",0.019,0,TRUE,FALSE,0,0,0,0,0,0,0,0,-160,-160,-160,-160,-160,-160,-160,-160,-160,-160,-160,-160,-160,-160,-160,-160,-160,-160,-160,-160
"Gold Delta SkyMiles Business Credit Card","Delta","Amex","https://www.americanexpress.com/us/small-business/credit-cards/gold-delta-skymiles-business-credit-card/44281?linknav=us-acq-open-aj-allcards-golddelta-lm","Earn 30,000 bonus miles after you make $1,000 in purchases on your new Card within your first 3 months<U+0086> and a $50 statement credit after you make a Delta purchase with your new Card within your first 3 months.<U+0086>",50,30000,0,0,1,95,1000,"https://icm.aexp-static.com/Internet/Acquisition/US_en/AppContent/OPEN/AJ/ngaosbn/OAimages/amex-open/cardarts/thumbnail/flat/retina/flat-cardart-113.png?version=8",0.012,410,TRUE,FALSE,410,410,410,410,410,410,410,410,315,315,315,315,315,315,315,315,315,315,315,315,315,315,315,315,315,410,315,315
"Gold Delta SkyMiles Credit Card","Delta","Amex","https://www.americanexpress.com/us/credit-cards/card/delta-skymiles/","Earn 30,000 Bonus Milesafter you make $1,000 in purchases on your new Card within your first 3 months<U+0086> and a $50 statement credit after you make a Delta purchase with your new Card within your first 3 months.<U+0086>",50,30000,0,0,1,95,1000,"https://icm.aexp-static.com/Internet/Acquisition/US_en/AppContent/OneSite/category/cardarts/gold-delta-skymiles.png",0.012,410,TRUE,FALSE,410,410,410,410,410,410,410,410,315,315,315,315,315,315,315,315,315,315,315,315,315,315,315,315,315,315,315,315
"Gymboree Visa Card","FlexPoints","US","https://www.usbank.com/credit-cards/gymboree-visa-credit-card.html","You'll receive a 5% discount instantly on all Gymboree clothing store purchases.",0,0,0,0,0,0,0,"https://www.usbank.com//images/Credit_Cards_110x170/card_credit_110_70_gymboree.png",0.01,0,TRUE,FALSE,0,0,0,0,0,0,0,0,0,NA,NA,NA,NA,NA,NA,NA,NA,NA,NA,NA,NA,NA,NA,NA,NA,NA,NA,NA
"Harley Davidson Visa Secured Card","FlexPoints","US","https://www.usbank.com/credit-cards/harley-davidson-visa-secured-credit-card.html","If you<U+0092>re looking to earn H-D<U+0099> Genuine Rewards points while you build or re-establish your credit history,1 the Harley-Davidson<U+00AE> Secured Card is for you.",0,0,0,0,0,0,0,"https://www.usbank.com//images/Credit_Cards_110x170/card_credit_110_70_HD_sec.png?6-15",0.01,1,FALSE,FALSE,0,0,0,1,1,1,1,1,1,NA,NA,NA,NA,NA,NA,NA,NA,NA,NA,NA,NA,NA,NA,NA,NA,NA,NA,NA
"Harley Davidson Visa Signature Card","FlexPoints","US","https://www.usbank.com/credit-cards/harley-davidson-visa-signature-credit-card.html","The H-D<U+0099> Visa Signature<U+00AE> card helps you earn more rewards faster. It comes with benefits that make it a classic through and through.",0,0,0,0,0,0,0,"https://www.usbank.com//images/Credit_Cards_110x170/card_credit_110_70_HD_sig.png?6-15",0.01,0,TRUE,FALSE,0,0,0,0,0,0,0,0,0,NA,NA,NA,NA,NA,NA,NA,NA,NA,NA,NA,NA,NA,NA,NA,NA,NA,NA,NA
"Hawaiian Airlines World Elite MasterCard","Hawaiian","Barclay","https://home.barclaycardus.com/cards/hawaiian-airlines-world-elite-mastercard.html","Earn 35,000 bonus miles",0,35000,0,0,0,89,1000,"https://home.barclaycardus.com/content/dam/bcuspublic/card-plastic/card-front/hawaiian1.png",0.012,420,FALSE,FALSE,331,331,331,331,331,331,331,331,420,331,331,331,331,331,331,331,331,331,331,331,331,331,331,331,331,331,331,331
"Hilton Honors Card from American Express","Hilton","Amex","https://www.americanexpress.com/us/credit-cards/card/hilton-hhonors/","Limited Time OfferEarn 80,000 Hilton Honors Bonus Pointsafter you spend $2,000 in purchases on the Card within your first 3 months of Card Membership.<U+0086> Offer ends 05/31/2017.",0,80000,0,0,0,0,2000,"https://icm.aexp-static.com/Internet/Acquisition/US_en/AppContent/OneSite/category/cardarts/hilton-hhonors.png",0.006,480,TRUE,FALSE,480,480,480,480,NA,NA,NA,NA,NA,NA,NA,NA,NA,NA,NA,NA,NA,NA,NA,NA,NA,NA,NA,NA,NA,NA,NA,NA
"Hilton Honors Surpass Card from American Express","Hilton","Amex","https://www.americanexpress.com/us/credit-cards/card/hilton-hhonors-surpass/","Limited Time OfferEarn 100,000 Hilton Honors Bonus Pointsafter you spend $3,000 in purchases on the Card within your first 3 months of Card Membership. Plus, earn a free weekend night award after your first anniversary of Card Membership.<U+0086> Offer Ends 5/31/2017.**Some hotels may have mandatory services and resort charges. Terms apply.",0,1e+05,0,0,0,75,3000,"https://icm.aexp-static.com/Internet/Acquisition/US_en/AppContent/OneSite/category/cardarts/hilton-hhonors-surpass.png",0.006,525,TRUE,FALSE,525,525,525,-75,NA,NA,NA,NA,NA,NA,NA,NA,NA,NA,NA,NA,NA,NA,NA,NA,NA,NA,NA,NA,NA,NA,NA,NA
"Holland America Line Rewards Visa Card","Holland","Barclay","https://home.barclaycardus.com/cards/holland-america-line-rewards-visa-card.html","5,000 bonus points after first purchase",0,5000,0,0,0,0,0,"https://home.barclaycardus.com/content/dam/bcuspublic/card-plastic/card-front/holland1.png",0.01,50,TRUE,FALSE,50,50,50,50,50,50,50,50,50,50,50,50,50,50,50,50,50,50,50,50,50,50,50,50,50,50,50,50
"IHG Rewards Club Select Credit Card","IHG","Chase","https://creditcards.chase.com/credit-cards/ihg-rewards-club?iCELL=61FY","60,000 bonus points After you spend $1,000 on purchases in the first 3 months of account opening.",0,60000,0,0,1,49,1000,"https://creditcards.chase.com/R-Marketplace/1110008/images/cardart/ihg_card.png",0.007,420,TRUE,FALSE,420,420,420,420,420,420,420,420,371,371,371,371,371,371,371,371,371,371,371,371,371,371,371,371,371,371,371,371
"Ink Business Cash","Chase Ultimate Rewards","Chase","https://creditcards.chase.com/credit-cards/small-business/ink-cash?iCELL=61FY","$300 bonus cash back after you spend $3,000 on purchases in the first 3 months after account opening.",300,NA,0,0,0,0,3000,"https://creditcards.chase.com/R-Marketplace/1110008/images/cardart/ink_cash_card.png",0.021,300,NA,NA,NA,NA,300,300,300,300,300,300,300,300,300,300,300,300,300,300,300,300,300,300,300,300,300,300,300,300,300,300
"Ink Business Preferred","Chase Ultimate Rewards","Chase","https://creditcards.chase.com/credit-cards/small-business/ink-business-preferred?iCELL=61FY","80,000 bonus points after you spend $5,000 on purchases in the first 3 months after account opening. That's $1,000 toward travel rewards when you redeem through Chase Ultimate Rewards<U+00AE>.",0,80000,0,0,0,95,5000,"https://creditcards.chase.com/R-Marketplace/1110008/images/cardart/ink_preferred_card.png",0.021,1680,FALSE,FALSE,1585,1585,1585,1585,1585,1585,1585,1585,1680,1585,1585,1585,1585,1585,1585,1585,1585,1585,1585,1585,1585,1585,1585,1585,1585,1585,1585,1585
"JetBlue Card","JetBlue","Barclay","https://home.barclaycardus.com/cards/jetblue-card.html","Earn 5,000 bonus points after you spend $1,000 on purchases in the first 90 days",0,5000,0,0,0,0,1000,"https://home.barclaycardus.com/content/dam/bcuspublic/card-plastic/card-front/JB1_JBM_card_rRGB_NoFee_Green_WM_230x157.png",0.012,60,TRUE,FALSE,60,60,60,60,60,60,60,60,60,60,60,60,60,60,60,60,60,60,60,60,60,60,60,60,60,60,60,60
"LANPASS Visa Card","LANPASS","US","https://www.usbank.com/credit-cards/lanpass-visa-credit-card.html","Earn 15,000 Bonus Miles after your first card use.1",0,15000,0,0,1,45,0,"https://www.usbank.com//images/Credit_Cards_110x170/card_credit_110_70_LANPass.png?87128",0.01,150,TRUE,FALSE,150,150,150,150,150,150,150,150,105,NA,NA,NA,NA,NA,NA,NA,NA,NA,NA,NA,NA,NA,NA,NA,NA,NA,NA,NA
"LANPASS Visa Secured Card","LANPASS","US","https://www.usbank.com/credit-cards/lanpass-visa-secured-credit-card.html","Earn 5,000 Bonus Miles after your first card use.2",0,5000,0,0,1,25,0,"https://www.usbank.com//images/Credit_Cards_110x170/card_credit_110_70_LANPass_sec.png?87647",0.01,50,TRUE,FALSE,50,50,50,50,50,50,50,50,25,NA,NA,NA,NA,NA,NA,NA,NA,NA,NA,NA,NA,NA,NA,NA,NA,NA,NA,NA
"LANPASS Visa Signature Card","LANPASS","US","https://www.usbank.com/credit-cards/lanpass-visa-signature-credit-card.html","Earn 20,000 bonus miles after your first card use.1",0,20000,0,0,1,75,0,"https://www.usbank.com//images/Credit_Cards_110x170/card_credit_110_70_LANPass_sig.png?875498",0.01,200,TRUE,FALSE,200,200,200,200,200,200,200,200,125,NA,NA,NA,NA,NA,NA,NA,NA,NA,NA,NA,NA,NA,NA,NA,NA,NA,NA,NA
"Lowe's Business Rewards Card from American Express","American Express Membership Rewards","Amex","https://www.americanexpress.com/us/small-business/credit-cards/lowes-business-rewards-credit-card/44281?linknav=us-acq-open-aj-allcards-lowes-lm","Get the Card that rewards you with Lowe<U+0092>s Business Rewards points on everyday expenses.<U+0087>Plus, get 5% off Every Day from Lowe<U+0092>s on eligible Lowe<U+0092>s purchases.<U+0087>",0,0,0,0,0,0,0,"https://icm.aexp-static.com/Internet/Acquisition/US_en/AppContent/OPEN/AJ/ngaosbn/OAimages/amex-open/cardarts/thumbnail/flat/retina/flat-cardart-251.png?version=8",0.019,0,TRUE,FALSE,0,0,0,0,0,0,0,0,0,0,0,0,0,0,0,0,0,0,0,0,0,0,0,0,0,0,0,0
"Marriott Rewards Premier","Marriott","Chase","https://creditcards.chase.com/credit-cards/marriott-premier?iCELL=61FY","100,000 Bonus points after you spend $5,000 on purchases in your first 3 months from your account opening with your Marriott Rewards Premier credit card.",0,1e+05,0,0,0,85,5000,"https://creditcards.chase.com/R-Marketplace/1110008/images/cardart/marriott_premier_card.png",0.009,815,TRUE,FALSE,815,815,815,635,635,635,635,635,720,635,635,635,635,635,635,635,635,635,635,635,635,635,635,635,635,635,635,635
"Marriott Rewards Premier Business","Marriott","Chase","https://creditcards.chase.com/credit-cards/small-business/marriott-premier-business?iCELL=61FY","80,000 Bonus points after you spend $3,000 on purchases in your first 3 months from your account opening with your Marriott Rewards Premier Business credit card.",0,80000,0,0,0,99,3000,"https://creditcards.chase.com/R-Marketplace/1110008/images/cardart/marriott_premier_biz_card.png",0.009,720,FALSE,FALSE,621,621,621,621,621,621,621,621,720,621,621,621,621,621,621,621,621,621,621,621,621,621,621,621,621,621,621,621
"Miles & More World Elite MasterCard","Miles & More","Barclay","https://home.barclaycardus.com/cards/lufthansa-miles-more-world-elite-mastercard.html",NA,0,35000,0,0,0,89,1000,"https://home.barclaycardus.com/content/dam/bcuspublic/card-plastic/card-front/lufthansa1.png",0.014,490,FALSE,FALSE,401,401,401,401,401,401,401,401,490,401,401,401,401,401,401,401,401,401,401,401,401,401,401,401,-89,-89,-89,-89
"MLB","BOA","BOA","https://www.bankofamerica.com/credit-cards/products/mlb-credit-cards/","Support a team you love and get a $100 online cash rewards bonus offer",100,0,0,0,0,0,500,"https://www.bankofamerica.com/content/images/ContextualSiteGraphics/CreditCardArt/en_US/Approved_PCM/dmlb_cshwldvhd_mc_250x158.png",0.01,100,TRUE,FALSE,100,100,100,100,100,100,100,100,100,100,100,100,100,100,100,100,100,100,100,100,100,100,100,100,100,100,100,100
"NFL Extra Points Credit Card","NFL","Barclay","https://home.barclaycardus.com/cards/nfl-extra-points-credit-card.html","Earn 10,000 bonus points",0,10000,0,0,0,0,500,"https://home.barclaycardus.com/content/dam/bcuspublic/card-plastic/card-front/nfl1.png",0.01,100,TRUE,FALSE,100,100,100,100,100,100,100,100,100,100,100,100,100,100,100,100,100,100,100,100,100,100,100,100,100,100,100,100
"Norwegian Cruise Line","Norwegian","BOA","https://www.bankofamerica.com/credit-cards/products/norwegian-cruise-lines-credit-card/","Earn 10,000 Bonus WorldPoints<U+00AE> reward points if you make your first transaction in the first 90 days",0,10000,0,0,0,0,0,"https://www.bankofamerica.com/content/images/ContextualSiteGraphics/CreditCardArt/en_US/Approved_PCM/radz_wldvhd_mc_250x158.png",0.01,100,TRUE,FALSE,100,100,100,100,100,100,100,100,100,100,100,100,100,100,100,100,100,100,100,100,100,100,100,100,100,100,100,100
"Pink Ribbon BankAmericard Cash Rewards Credit Card","BOA","BOA","https://www.bankofamerica.com/credit-cards/products/susan-komen-credit-card/","$100 online cash rewards bonus offer. Help fight breast cancer.",100,0,0,0,0,0,500,"https://www.bankofamerica.com/content/images/ContextualSiteGraphics/CreditCardArt/en_US/Approved_PCM/qvyd_cshsigcm_v_250_188.png",0.01,100,TRUE,FALSE,100,100,100,100,100,100,100,100,100,100,100,100,100,100,100,100,100,100,100,100,100,100,100,100,100,100,100,100
"Platinum Delta SkyMiles Business Credit Card","Delta","Amex","https://www.americanexpress.com/us/small-business/credit-cards/platinum-delta-skymiles-business-credit-card/44281?linknav=us-acq-open-aj-allcards-platinumdelta-lm","Earn 5,000Medallion<U+00AE> Qualification Miles (MQMs)and 35,000 bonus miles after you spend $1,000 in purchases on your new Card in your first 3 months.<U+0086> In addition, earn a $100 statement credit after you make a Delta purchase with your new Card within your first 3 months.<U+0086>",100,35000,0,0,0,195,1000,"https://icm.aexp-static.com/Internet/Acquisition/US_en/AppContent/OPEN/AJ/ngaosbn/OAimages/amex-open/cardarts/thumbnail/flat/retina/flat-cardart-141.png?version=8",0.012,520,FALSE,FALSE,325,325,325,325,325,325,325,325,520,325,325,325,325,325,325,325,325,325,325,325,325,325,325,325,325,325,325,325
"Platinum Delta SkyMiles Credit Card","Delta","Amex","https://www.americanexpress.com/us/credit-cards/card/platinum-delta-skymiles/","Earn 5,000 Medallion<U+00AE> Qualification Miles (MQMs)and 35,000 bonus miles after you spend $1,000 in purchases on your new Card in your first 3 months.<U+0086>In addition, earn a $100 statement credit after you make a Delta purchase with your new Card within your first 3 months.<U+0086>",100,35000,0,0,0,195,1000,"https://icm.aexp-static.com/Internet/Acquisition/US_en/AppContent/OneSite/category/cardarts/platinum-delta-skymiles.png",0.012,520,FALSE,FALSE,325,325,325,325,325,325,325,325,520,325,325,325,325,325,325,325,325,325,325,325,325,325,325,325,325,325,325,325
"Plenti Credit Card from Amex","Plenti","Amex","https://www.americanexpress.com/us/credit-cards/card/plenti/","Earn 5,000 Plenti<U+00AE> Pointsafter you spend $250 in purchases on your Plenti<U+00AE> Credit Card from Amex within your first 3 months of Card Membership.<U+0086>",0,5000,0,0,0,0,250,"https://icm.aexp-static.com/Internet/Acquisition/US_en/AppContent/OneSite/category/cardarts/plenti-card.png",0.01,95,FALSE,FALSE,50,50,50,95,95,95,95,95,95,95,95,95,95,95,95,95,95,95,95,95,95,95,95,95,95,95,95,95
"Polaris Visa Card","FlexPoints","US","https://www.usbank.com/credit-cards/polaris-visa-credit-card.html","Get 5,000 bonus points after your first purchase that can be redeemed for a $50 Polaris Cash certificate.",0,5000,0,0,0,0,0,"https://www.usbank.com//images/Credit_Cards_110x170/card_credit_110_70_Polaris.png",0.01,50,TRUE,FALSE,50,50,50,50,50,50,50,50,50,NA,NA,NA,NA,NA,NA,NA,NA,NA,NA,NA,NA,NA,NA,NA,NA,NA,NA,NA
"Premier Rewards Gold Card from American Express","American Express Membership Rewards","Amex","https://www.americanexpress.com/us/credit-cards/card/premier-rewards-gold/","Earn 25,000 Points<U+0086>after you spend $2,000 on purchases on your new Card in your first 3 months of Card Membership.<U+0086>",0,25000,0,100,1,195,2000,"https://icm.aexp-static.com/Internet/Acquisition/US_en/AppContent/OneSite/category/cardarts/premier-rewards-gold.png",0.019,575,TRUE,FALSE,575,575,575,575,575,575,575,575,380,380,380,380,380,380,380,380,380,380,380,380,380,380,380,380,380,380,380,380
"Priceline Rewards Visa Card","Priceline","Barclay","https://home.barclaycardus.com/cards/priceline-rewards-visa-card.html","5,000 bonus points after first purchase",0,0,0,0,0,0,0,"https://home.barclaycardus.com/content/dam/bcuspublic/card-plastic/card-front/priceline1.png",0.01,50,FALSE,FALSE,0,0,0,0,0,0,0,0,0,0,0,0,0,0,0,0,0,0,0,0,0,0,0,0,50,50,50,50
"Princess Cruises Rewards Visa Card","Princess","Barclay","https://home.barclaycardus.com/cards/princess-cruises-rewards-visa-card.html","5,000 bonus points after first purchase",0,5000,0,0,0,0,0,"https://home.barclaycardus.com/content/dam/bcuspublic/card-plastic/card-front/princess1.png",0.01,50,TRUE,FALSE,50,50,50,50,50,50,50,50,50,50,50,50,50,50,50,50,50,50,50,50,50,50,50,50,50,50,50,50
"Ralphs Rewards Visa Card","FlexPoints","US","https://www.usbank.com/credit-cards/ralphs-rewards-plus-visa-credit-card.html","Everyday rewards for everyday shopping when you use the Ralphs Rewards Visa<U+00AE> Card",0,0,0,0,0,0,0,"https://www.usbank.com//images/Credit_Cards_110x170/card_credit_S_Ralphs.jpg",0.01,0,TRUE,FALSE,0,0,0,0,0,0,0,0,0,NA,NA,NA,NA,NA,NA,NA,NA,NA,NA,NA,NA,NA,NA,NA,NA,NA,NA,NA
"RCI Elite Rewards MasterCard","RCI","Barclay","https://home.barclaycardus.com/cards/rci-elite-rewards-mastercard.html","2,500 bonus rewards after your first purchase",0,2500,0,0,0,0,0,"https://home.barclaycardus.com/content/dam/bcuspublic/card-plastic/card-front/rci1.png",0.01,25,TRUE,FALSE,25,25,25,25,25,25,25,25,25,25,25,25,25,25,25,25,25,25,25,25,25,25,25,25,25,25,25,25
"REI MasterCard","FlexPoints","US","https://www.usbank.com/credit-cards/rei-mastercard.html","The REI MasterCard is the only credit card that helps you get a bigger REI dividend and gives back to the outdoors. Everyday purchases increase your dividend when you use your REI MasterCard.",0,0,0,0,0,0,0,"https://www.usbank.com//images/credit-card/110x70-REI-r.png",0.01,1,FALSE,FALSE,0,0,0,1,1,1,1,1,1,NA,NA,NA,NA,NA,NA,NA,NA,NA,NA,NA,NA,NA,NA,NA,NA,NA,NA,NA
"REWARDS Visa Card","FlexPoints","US","https://www.usbank.com/credit-cards/1-2-3-rewards-visa-credit-card.html","Get unlimited rewards at Kroger, King Soopers, City Market, Dillons, Baker's, Smith's, Fry's and QFC.",0,0,0,0,0,0,0,"https://www.usbank.com//images/Credit_Cards_110x170/card_credit_S_1-2-3Rewards.jpg",0.01,0,TRUE,FALSE,0,0,0,0,0,0,0,0,0,NA,NA,NA,NA,NA,NA,NA,NA,NA,NA,NA,NA,NA,NA,NA,NA,NA,NA,NA
"Royal Caribbean","Royal","BOA","https://www.bankofamerica.com/credit-cards/products/royal-caribbean-credit-card/","10,000 MyCruise<U+00AE> bonus points offer",0,10000,0,0,0,0,3500,"https://www.bankofamerica.com/content/images/ContextualSiteGraphics/CreditCardArt/en_US/Approved_PCM/raem_sigcm_v_250x158.png",0.01,100,TRUE,FALSE,100,100,100,100,100,100,100,100,100,100,100,100,100,100,100,100,100,100,100,100,100,100,100,100,100,100,100,100
"SimplyCash Plus Business Credit Card","American Express Membership Rewards","Amex","https://www.americanexpress.com/us/small-business/credit-cards/simply-cash-plus-business-credit-card/44281?linknav=us-acq-open-aj-allcards-simplycashplus-lm","Earn cash back on the category of your choice and pay no annual fee.<U+0087>",0,0,0,0,0,0,0,"https://icm.aexp-static.com/Internet/Acquisition/US_en/AppContent/OPEN/AJ/ngaosbn/OAimages/amex-open/cardarts/thumbnail/flat/retina/flat-cardart-1043.png?version=8",0.019,0,TRUE,FALSE,0,0,0,0,0,0,0,0,0,0,0,0,0,0,0,0,0,0,0,0,0,0,0,0,0,0,0,0
"SkyBlue SKYPASS Visa Card","SKYPASS","US","https://www.usbank.com/credit-cards/skyblue-skypass-visa-credit-card.html","Earn 5,000 SKYPASS Bonus Miles after your first purchase.1",0,5000,0,0,0,0,0,"https://www.usbank.com//images/credit-card/skyblue-skypass-visa-compare.png",0.017,85,TRUE,FALSE,85,85,85,85,85,85,85,85,85,NA,NA,NA,NA,NA,NA,NA,NA,NA,NA,NA,NA,NA,NA,NA,NA,NA,NA,NA
"SKYPASS Visa Classic Card","SKYPASS","US","https://www.usbank.com/credit-cards/skypass-visa-classic-credit-card.html","Earn 5,000 SKYPASS Bonus Miles after your first purchase.1",0,5000,0,0,0,50,0,"https://www.usbank.com//images/credit-card/skypass-visa-classic-compare.png",0.017,85,FALSE,FALSE,35,35,35,35,35,35,35,35,85,NA,NA,NA,NA,NA,NA,NA,NA,NA,NA,NA,NA,NA,NA,NA,NA,NA,NA,NA
"SKYPASS Visa Secured Card","SKYPASS","US","https://www.usbank.com/credit-cards/skypass-visa-secured-credit-card.html","Earn 5,000 Bonus Miles after your first purchase.2",0,5000,0,0,0,50,0,"https://www.usbank.com//images/credit-card/skypass-visa-classic-compare.png",0.017,85,FALSE,FALSE,35,35,35,35,35,35,35,35,85,NA,NA,NA,NA,NA,NA,NA,NA,NA,NA,NA,NA,NA,NA,NA,NA,NA,NA,NA
"SKYPASS Visa Signature Card","SKYPASS","US","https://www.usbank.com/credit-cards/skypass-visa-signature-credit-card.html","Earn 15,000 SKYPASS Bonus Miles after your first purchase.1",0,15000,0,0,0,80,0,"https://www.usbank.com//images/credit-card/skypass-visa-signature-compare.png",0.017,255,FALSE,FALSE,175,175,175,175,175,175,175,175,255,NA,NA,NA,NA,NA,NA,NA,NA,NA,NA,NA,NA,NA,NA,NA,NA,NA,NA,NA
"Southwest Rapid Rewards Plus","Southwest","Chase","https://creditcards.chase.com/credit-cards/southwest-plus?iCELL=61FY","50,000 bonus points after you spend $2,000 on purchases in the first 3 months your account is open.",0,50000,0,0,0,69,2000,"https://creditcards.chase.com/R-Marketplace/1110008/images/cardart/swa_plus_card.png",0.015,750,FALSE,FALSE,681,681,681,681,681,681,681,681,750,681,681,681,681,681,681,681,681,681,681,681,681,681,681,681,681,681,681,681
"Southwest Rapid Rewards Premier Business","Southwest","Chase","https://creditcards.chase.com/credit-cards/small-business/southwest-premier-business?iCELL=61FY","60,000 bonus points after you spend $3,000 on purchases in the first 3 months your account is open.",0,60000,0,0,0,99,3000,"https://creditcards.chase.com/R-Marketplace/1110008/images/cardart/swa_premier_biz_card.png",0.015,900,FALSE,FALSE,801,801,801,801,801,801,801,801,900,801,801,801,801,801,801,801,801,801,801,801,801,801,801,801,801,801,801,801
"Spirit Airlines","BOA","BOA","https://www.bankofamerica.com/credit-cards/products/spirit-airlines-credit-card/","15,000 bonus miles offer",0,15000,0,0,1,59,0,"https://www.bankofamerica.com/content/images/ContextualSiteGraphics/CreditCardArt/en_US/Approved_PCM/ragb_wldcm_mc_250x158.png",0.01,150,TRUE,FALSE,150,150,150,150,150,150,150,150,91,91,91,91,91,91,91,91,91,91,91,91,91,91,91,91,91,91,91,91
"Starwood Preferred Guest Business Credit Card","Starwood","Amex","https://www.americanexpress.com/us/small-business/credit-cards/starwood-business-credit-card/44281?linknav=us-acq-open-aj-allcards-starwood-lm","LIMITED TIME OFFEREarn up to 35,000 Bonus Starpoints<U+00AE>Earn 25,000 bonus Starpoints after you use your new Card to make $5,000 in purchases within the first 3 months and an extra 10,000 bonus Starpoints after you make an additional $3,000 in purchases within the first 6 months. Offer ends 4/5/2017.<U+0086>",0,25000,0,0,1,95,5000,"https://icm.aexp-static.com/Internet/Acquisition/US_en/AppContent/OPEN/AJ/ngaosbn/OAimages/amex-open/cardarts/thumbnail/flat/retina/flat-cardart-474.png?version=8",0.027,675,TRUE,FALSE,675,675,675,675,675,675,675,675,580,580,580,580,580,580,580,580,580,580,580,580,580,580,580,580,580,580,580,580
"The Business Gold Rewards Card","American Express Membership Rewards","Amex","https://www.americanexpress.com/us/small-business/credit-cards/american-express-gold-business-card/44281?linknav=us-acq-open-aj-allcards-goldcardfromopen-lm","Earn 50,000 Membership Rewards<U+00AE> points after you spend $5,000 in qualifying purchases on the Card within your first 3 months of Card Membership.<U+0086>",0,50000,0,0,1,175,5000,"https://icm.aexp-static.com/Internet/Acquisition/US_en/AppContent/OPEN/AJ/ngaosbn/OAimages/amex-open/cardarts/thumbnail/flat/retina/flat-cardart-111.png?version=8",0.019,950,TRUE,FALSE,950,950,950,950,950,950,950,950,775,775,775,775,775,775,775,775,775,775,775,775,775,775,775,775,775,775,775,775
"The Enhanced Business Platinum Card","American Express Membership Rewards","Amex","https://www.americanexpress.com/us/small-business/credit-cards/business-platinum-card/44281?linknav=us-acq-open-aj-allcards-platinumcard-lm","Welcome OfferEarn up to 75,000 Membership Rewards<U+00AE> pointsEarn 50,000 Membership Rewards<U+00AE> points after you spend $10,000 and an extra 25,000 points after you spend an additional $10,000 all on qualifying purchases on the Business Platinum Card within your first 3 months of Card Membership.<U+0086>",0,75000,0,0,0,450,10000,"https://icm.aexp-static.com/Internet/Acquisition/US_en/AppContent/OPEN/AJ/ngaosbn/OAimages/amex-open/cardarts/thumbnail/flat/retina/flat-cardart-92.png?version=8",0.019,975,TRUE,FALSE,975,975,975,NA,NA,NA,NA,NA,NA,NA,NA,NA,NA,NA,NA,NA,NA,NA,NA,NA,NA,NA,NA,NA,NA,NA,NA,NA
"The Hyatt Credit Card","Hyatt","Chase","https://creditcards.chase.com/credit-cards/hyatt?iCELL=61FY","2 free nights at Hyatt hotels and resorts worldwide after you make $2,000 on purchases in the first 3 months after account opening.",0,NA,2,0,0,75,2000,"https://creditcards.chase.com/R-Marketplace/1110008/images/cardart/hyatt_card.png",0.018,300,NA,NA,NA,NA,225,225,225,225,225,225,300,225,225,225,225,225,225,225,225,225,225,225,225,225,225,225,225,225,225,225
"The Mercedes Benz Credit Card from American Express","American Express Membership Rewards","Amex","https://www.americanexpress.com/us/credit-cards/card/mercedes-benz/","10,000Membership Rewards<U+00AE> Points<U+0086>Earn 10,000 Membership Rewards<U+00AE> points after you use your new Card to make $1,000 in purchases within the first 3 months.<U+0086>",0,10000,0,0,0,95,1000,"https://icm.aexp-static.com/Internet/Acquisition/US_en/AppContent/OneSite/category/cardarts/mercedes-benz.png",0.019,190,FALSE,FALSE,95,95,95,95,95,95,95,95,190,95,95,95,95,95,95,95,95,95,95,95,95,95,95,95,95,95,95,95
"The Platinum Card from American Express","American Express Membership Rewards","Amex","https://www.americanexpress.com/us/credit-cards/card/platinum/","NEW WELCOME OFFEREarn 60,000 Membership Rewards<U+00AE> Pointsafter you use your new Card to make $5,000 in purchases in your first 3 months.<U+0086>",0,60000,0,200,0,0,5000,"https://icm.aexp-static.com/Internet/Acquisition/US_en/AppContent/OneSite/category/cardarts/platinum-card.png",0.019,1340,TRUE,FALSE,1340,1340,1340,NA,NA,NA,NA,NA,NA,NA,NA,NA,NA,NA,NA,NA,NA,NA,NA,NA,NA,NA,NA,NA,NA,NA,NA,NA
"The Plum Card","American Express Membership Rewards","Amex","https://www.americanexpress.com/us/small-business/credit-cards/american-express-plum-card/44281?linknav=us-acq-open-aj-allcards-plum-lm","PAY EARLYGET A1.5%DISCOUNTWITH NO CAP <U+0087>PAY LATERTAKE UP TO60DAYS TO PAY WITHNO INTEREST <U+0087>",0,0,0,0,1,250,0,"https://icm.aexp-static.com/Internet/Acquisition/US_en/AppContent/OPEN/AJ/ngaosbn/OAimages/amex-open/cardarts/thumbnail/flat/retina/flat-cardart-499.png?version=8",0.019,0,TRUE,FALSE,0,0,0,0,0,0,0,0,-250,-250,-250,-250,-250,-250,-250,-250,-250,-250,-250,-250,-250,-250,-250,-250,0,-250,-250,-250
"The Ritz Carlton Rewards Credit Card","Ritz Carlton","Chase","https://creditcards.chase.com/credit-cards/ritz-carlton-rewards?iCELL=61FY","Two complimentary nights at any participating Tier 1-4 Ritz-Carlton hotel, after you spend $4,000 on purchases in the first 3 months after account opening.",0,NA,2,300,0,450,4000,"https://creditcards.chase.com/R-Marketplace/1110008/images/cardart/ritz_carlton_card.png",0.009,600,NA,NA,NA,NA,150,150,150,150,150,150,600,150,150,150,150,150,150,150,150,150,150,150,150,150,150,150,150,150,150,150
"The Starwood Preferred Guest Credit Card from American Express","Starwood","Amex","https://www.americanexpress.com/us/credit-cards/card/starwood-preferred-guest/","Limited Time OfferEarn up to 35,000 Bonus Starpoints<U+00AE>Earn 25,000 bonus Starpoints<U+00AE> after you use your new Card to make $3,000 in purchases within the first 3 months and an extra 10,000 bonus Starpoints after you make an additional $2,000 in purchases within the first 6 months. Offer ends 04/05/2017.<U+0086>",0,25000,0,0,1,95,3000,"https://icm.aexp-static.com/Internet/Acquisition/US_en/AppContent/OneSite/category/cardarts/starwood-preferred-guest.png",0.027,675,TRUE,FALSE,675,675,675,675,675,675,675,675,580,580,580,580,580,580,580,580,580,580,580,580,580,580,580,580,580,580,580,580
"U S Pride","BOA","BOA","https://www.bankofamerica.com/credit-cards/products/us-pride-military-credit-card/","$100 online cash rewards bonus offer",100,0,0,0,0,0,500,"https://www.bankofamerica.com/content/images/ContextualSiteGraphics/CreditCardArt/en_US/Approved_PCM/lafu_cshsigcm_v_250x158.png",0.01,100,TRUE,FALSE,100,100,100,100,100,100,100,100,100,100,100,100,100,100,100,100,100,100,100,100,100,100,100,100,100,100,100,100
"United MileagePlus Club card","United","Chase","https://creditcards.chase.com/credit-cards/united-mileageplus-club?iCELL=61FY","$100 statement credit after your first purchase.",100,0,0,0,0,450,0,"https://creditcards.chase.com/R-Marketplace/1110008/images/cardart/united_club_card.png",0.015,100,FALSE,FALSE,-350,-350,-350,-350,-350,-350,-350,-350,100,-350,-350,-350,-350,-350,-350,-350,-350,-350,-350,-350,-350,-350,-350,-350,-350,-350,-350,-350
"United MileagePlus Explorer Business card","United","Chase","https://creditcards.chase.com/credit-cards/small-business/united-mileageplus-explorer-business?iCELL=61FY","50,000 bonus miles after you spend $3,000 on purchases in the first 3 months your account is open.",0,50000,0,0,1,95,3000,"https://creditcards.chase.com/R-Marketplace/1110008/images/cardart/united_biz_card.png",0.015,750,TRUE,FALSE,750,750,750,750,750,750,750,750,655,655,655,655,655,655,655,655,655,655,655,655,655,655,655,655,655,655,655,655
"United MileagePlus Explorer card","United","Chase","https://creditcards.chase.com/credit-cards/united-mileageplus-explorer?iCELL=61FY","50,000 bonus miles after you spend $3,000 on purchases in the first 3 months from account opening.",0,50000,0,0,0,95,3000,"https://creditcards.chase.com/R-Marketplace/1110008/images/cardart/united_mileageplus_explorer_card.png",0.015,1005,FALSE,FALSE,655,655,655,655,655,655,655,655,750,655,655,655,655,1005,1005,1005,1005,1005,1005,1005,1005,655,655,655,655,655,655,655
"US Bank Cash American Express Card","American","US","http://mycard.usbank.com/cash365Amex","The U.S. Bank Cash 365<U+0099> American Express<U+00AE> Card offers you 1.5% cash back1 on everyday net purchases.2",0,0,0,0,0,0,0,"https://www.usbank.com//images/Credit_Cards_110x170/cash_365_110_70.png",0.015,0,TRUE,FALSE,0,0,0,0,0,0,0,0,0,NA,NA,NA,NA,NA,NA,NA,NA,NA,NA,NA,NA,NA,NA,NA,NA,NA,NA,NA
"US Bank Cash+ Visa Signature Card","FlexPoints","US","http://mycard.usbank.com/cashplus","Earn up to 5% cash back on categories you choose.2",0,0,0,0,0,0,0,"https://www.usbank.com//images/Credit_Cards_110x170/USB_Cash_Plus_Visa_110_70.png",0.01,0,TRUE,FALSE,0,0,0,0,0,0,0,0,0,NA,NA,NA,NA,NA,NA,NA,NA,NA,NA,NA,NA,NA,NA,NA,NA,NA,NA,NA
"US Bank College Visa Card","FlexPoints","US","https://www.usbank.com/credit-cards/college.html","With tools and services designed for you, the U.S. Bank College Visa Card can guide you to smart spending <U+0096> and building good credit.1",0,0,0,0,0,0,0,"https://www.usbank.com//images/credit-card/usbank-compare.png",0.01,1,FALSE,FALSE,0,0,0,1,1,1,1,1,1,NA,NA,NA,NA,NA,NA,NA,NA,NA,NA,NA,NA,NA,NA,NA,NA,NA,NA,NA
"US Bank FlexPerks Gold American Express Card","FlexPerks","US","http://mycard.usbank.com/flexperksgoldamex","With the new U.S. Bank FlexPerks<U+00AE> Gold American Express<U+00AE> Card, you earn premium rewards such as 3x points at restaurants1 and 2X points at gas stations2 and at airlines2 - which will help you reach your next travel experience that much quicker.",0,0,0,0,0,85,0,"https://www.usbank.com//images/Credit_Cards_110x170/Gold_Amex_110_70.png",0.015,0,FALSE,FALSE,-85,-85,-85,-85,-85,-85,-85,-85,0,NA,NA,NA,NA,NA,NA,NA,NA,NA,NA,NA,NA,NA,NA,NA,NA,NA,NA,NA
"US Bank FlexPerks Select+ American Express Card","FlexPerks","US","https://www.usbank.com/credit-cards/flexperks-select-plus-american-express-card.html","Earn 10,000 enrollment FlexPoints with a new FlexPerks Select+ Card after you spend $1,000 in eligible Net Purchases on your Card within the first four months of account opening.1",0,10000,0,0,0,0,1000,"https://www.usbank.com//images/credit-card/110x70-select.png",0.015,150,TRUE,FALSE,150,150,150,150,150,150,150,150,150,NA,NA,NA,NA,NA,NA,NA,NA,NA,NA,NA,NA,NA,NA,NA,NA,NA,NA,NA
"US Bank FlexPerks Travel Rewards Visa Signature Card","FlexPerks","US","http://mycard.usbank.com/flexperksvisa","With the FlexPerks<U+00AE> Travel Rewards Visa Signature<U+00AE> Card, you can earn 20,000 enrollment FlexPoints after you spend $2,000 in the first four months of account opening.1",0,20000,0,0,1,49,2000,"https://www.usbank.com//images/Credit_Cards_110x170/card_credit_110_70_FlexPerks_Travel_signature.png?123",0.015,300,TRUE,FALSE,300,300,300,300,300,300,300,300,251,NA,NA,NA,NA,NA,NA,NA,NA,NA,NA,NA,NA,NA,NA,NA,NA,NA,NA,NA
"US Bank Secured Visa Card","FlexPoints","US","https://www.usbank.com/credit-cards/secured-card.html","Get worldwide purchasing power and flexibility as you work to build or re-establish your credit history.1",0,0,0,0,0,29,0,"https://www.usbank.com//images/credit-card/usbank-compare.png",0.01,1,FALSE,FALSE,-29,-29,-29,-28,-28,-28,-28,-28,1,NA,NA,NA,NA,NA,NA,NA,NA,NA,NA,NA,NA,NA,NA,NA,NA,NA,NA,NA
"US Bank Visa Platinum Card","FlexPoints","US","http://mycard.usbank.com/platinumvisa","With Platinum, you get a special 0% introductory APR* on purchases and balance transfers for 15 billing cycles and thereafter, a variable APR, currently 10.74% - 22.74%.",0,0,0,0,0,0,0,"https://www.usbank.com//images/Credit_Cards_110x170/card_credit_110_70_Platinum.png",0.01,0,TRUE,FALSE,0,0,0,0,0,0,0,0,0,NA,NA,NA,NA,NA,NA,NA,NA,NA,NA,NA,NA,NA,NA,NA,NA,NA,NA,NA
"Virgin Atlantic","Virgin Atlantic","BOA","https://www.bankofamerica.com/credit-cards/products/virgin-atlantic-credit-card/","Get 20,000 Flying Club bonus miles after your first purchase",0,20000,0,0,0,90,0,"https://www.bankofamerica.com/content/images/ContextualSiteGraphics/CreditCardArt/en_US/Approved_PCM/rafu_wldeltcm_mc_blk_250x158.png",0.013,260,FALSE,FALSE,170,170,170,170,170,170,170,170,260,170,170,170,170,170,170,170,170,170,170,170,170,170,170,170,170,110,170,170
"World Wildlife Fund","BOA","BOA","https://www.bankofamerica.com/credit-cards/products/world-wildlife-fund-credit-card/","Help support WWF and get a $100 online cash rewards bonus offer",100,0,0,0,0,0,500,"https://www.bankofamerica.com/content/images/ContextualSiteGraphics/CreditCardArt/en_US/Approved_PCM/qvyb_cshsigvhd_v_tiger_250x158.png",0.01,100,TRUE,FALSE,100,100,100,100,100,100,100,100,100,100,100,100,100,100,100,100,100,100,100,100,100,100,100,100,100,100,100,100
"Wyndham Rewards Visa Card","Wyndham","Barclay","https://home.barclaycardus.com/cards/wyndham-rewards-visa-card.html","15,000 bonus points with first purchase",0,15000,0,0,0,0,0,"https://home.barclaycardus.com/content/dam/bcuspublic/card-plastic/card-front/wyndham1.png",0.012,180,TRUE,FALSE,180,180,180,180,180,180,180,180,180,180,180,180,180,180,180,180,180,180,180,180,180,180,180,180,180,180,180,180
"Citi AAdvantage Executive World Elite MasterCard","American","Citi","https://www.citi.com/credit-cards/credit-card-details/citi.action?ID=citi-aadvantage-executive-credit-card&category=view-all-credit-cards&afc=1C2&intc=7~7~67~1~MCT~1~citi-aadvantage-executive-credit-card~4XEIWGP711C2L10201W","Don't pass this offer up - apply today Earn 50,000 American Airlines AAdvantage<U+00AE> bonus miles after making $5,000 in purchases within the first 3 months of account opening. 2 Plus, Admirals Club<U+00AE> membership. Annual Fee $$4501",0,50000,0,0,0,450,5000,"https://www.citi.com/CRD/images/card_no_reflection/citi-aadvantage-executive-credit-card.jpg",0.015,750,FALSE,FALSE,NA,NA,NA,300,300,300,300,300,750,300,300,300,300,300,300,300,300,300,300,300,300,300,300,300,300,300,300,300
"Citi AAdvantage Gold World Elite MasterCard","American","Citi","https://www.citi.com/credit-cards/credit-card-details/citi.action?ID=citi-aadvantage-gold-elite-credit-card&category=view-all-credit-cards&afc=1C2&intc=7~7~67~1~MCT~1~CMSDefaultOffer~4XRW12V731C2111111W","Earn 25,000 American Airlines AAdvantage<U+00AE> bonus miles after making $750 in purchases within the first 3 months of account opening2 Enjoy our lowest intro APR on purchases and balance transfers. Annual Fee: $50 (Fee waived for the first 12 months)1",0,25000,0,0,1,50,750,"https://www.citi.com/CRD/images/card_no_reflection/citi-aadvantage-gold-elite-credit-card.jpg",0.015,375,TRUE,FALSE,NA,NA,NA,375,375,375,375,375,325,325,325,325,325,325,325,325,325,325,325,325,325,325,325,325,325,325,325,325
"Citi AAdvantage Platinum Select World Elite MasterCard","American","Citi","https://www.citi.com/credit-cards/credit-card-details/citi.action?ID=citi-aadvantage-platinum-elite-credit-card&category=view-all-credit-cards&afc=1C2&intc=7~7~67~1~MCT~1~citi-aadvantage-platinum-elite-credit-card~4XSX173721C2L10201W","Don't pass this up - apply today Earn 30,000 American Airlines AAdvantage<U+00AE> bonus miles after making $1,000 in purchases within the first 3 months of account opening.2 Annual Fee: $95 (Fee waived for the first 12 months)1",0,30000,0,0,1,95,1000,"https://www.citi.com/CRD/images/card_no_reflection/citi-aadvantage-platinum-elite-credit-card.jpg",0.015,805,FALSE,FALSE,NA,NA,NA,450,450,450,450,450,355,355,355,355,355,805,805,805,805,805,805,805,805,655,655,655,805,805,805,805
"Citi Secured MasterCard","Citi ThankYou Rewards","Citi","https://www.citi.com/credit-cards/credit-card-details/citi.action?ID=citi-secured-credit-card&category=view-all-credit-cards&afc=1C2&intc=7~7~67~1~MCT~1~CMSDefaultOffer~1P5ZA2Q711C2L00101W","Start building credit for tomorrow with a secured credit card  No Annual Fee1",0,0,0,0,0,0,0,"https://www.citi.com/CRD/images/card_no_reflection/citi-secured-credit-card.jpg",0.01,0,TRUE,FALSE,NA,NA,NA,0,0,0,0,0,0,0,0,0,0,0,0,0,0,0,0,0,0,0,0,0,0,0,0,0
"CitiBusiness AAdvantage Platinum Select World MasterCard","American","Citi","https://www.citi.com/credit-cards/credit-card-details/citi.action?ID=citibusiness-aadvantage-platinum-select-credit-card&category=view-all-credit-cards&afc=1C2&intc=7~7~67~1~MCT~1~CMSDefaultOffer~6HXZEL6731C2111111W","Earn 30,000 American<U+00A0>Airlines AAdvantage<U+00AE> bonus miles after spending $1,000 in purchases within the first 3 months of account opening. Annual Fee $95 (Fee waived for the first 12 months)1",0,30000,0,0,1,95,1000,"https://www.citi.com/CRD/images/card_no_reflection/citibusiness-aadvantage-platinum-select-credit-card.jpg",0.015,655,FALSE,FALSE,NA,NA,NA,450,450,450,450,450,355,355,355,355,355,355,355,355,355,355,655,655,655,655,655,655,655,655,655,655
"Platinum Card from American Express","American Express Membership Rewards","Amex","https://www.americanexpress.com/us/credit-cards/card/platinum/","Earn 40,000 Points<U+0086>Earn 40,000 points after you spend $3,000 on purchases on your new Card in your first 3 months of Card Membership. Terms and limitations apply.<U+0086>",0,40000,0,200,0,450,3000,"https://icm.aexp-static.com/Internet/Acquisition/US_en/AppContent/OneSite/category/cardarts/platinum-card.png",0.019,960,FALSE,FALSE,NA,NA,NA,510,510,510,510,510,960,510,510,510,510,510,510,510,510,510,510,510,510,510,510,510,510,510,510,510
"The Business Platinum Card","American Express Membership Rewards","Amex","https://www.americanexpress.com/us/small-business/credit-cards/business-platinum-card/44281?linknav=us-acq-open-aj-allcards-platinumcard-lm","Welcome OfferEarn up to 75,000 Membership Rewards<U+00AE> pointsEarn 50,000 Membership Rewards<U+00AE> points after you spend $10,000 and an extra 25,000 points after you spend an additional $10,000 all on qualifying purchases on the Business Platinum Card within your first 3 months of Card Membership.<U+0086>",0,75000,0,200,0,450,10000,"https://icm.aexp-static.com/Internet/Acquisition/US_en/AppContent/OPEN/AJ/ngaosbn/OAimages/amex-open/cardarts/thumbnail/flat/retina/flat-cardart-92.png?version=8",0.019,1625,FALSE,FALSE,NA,NA,NA,1175,1175,1175,1175,1175,1625,1175,1175,1175,1175,1175,1175,1175,1175,1175,1175,1175,1175,1175,1175,1175,975,975,975,975
"Hilton HHonors Card from American Express","Hilton","Amex","https://www.americanexpress.com/us/credit-cards/card/hilton-hhonors/","Earn 50,000 Hilton HHonors<U+0099> Bonus Pointsafter you spend $750 in purchases on the Card within your first 3 months of Card Membership.<U+0086>",0,50000,0,0,0,0,750,"https://icm.aexp-static.com/Internet/Acquisition/US_en/AppContent/OneSite/category/cardarts/hilton-hhonors.png",0.006,300,TRUE,FALSE,NA,NA,NA,NA,300,300,300,300,300,300,300,300,300,300,300,300,300,250,250,250,250,250,250,250,250,250,250,250
"Hilton HHonors Surpass Card from American Express","Hilton","Amex","https://www.americanexpress.com/us/credit-cards/card/hilton-hhonors-surpass/","Earn 75,000 Hilton HHonors<U+0099> Bonus Pointsafter you spend $3,000 in purchases on the Card within your first 3 months of Card Membership.<U+0086>",0,75000,0,0,0,75,3000,"https://icm.aexp-static.com/Internet/Acquisition/US_en/AppContent/OneSite/category/cardarts/hilton-hhonors-surpass.png",0.006,450,FALSE,FALSE,NA,NA,NA,NA,375,375,375,375,450,375,375,375,375,375,375,375,375,300,300,300,300,300,300,300,300,300,300,300
"Serve from American Express","American Express Membership Rewards","Amex","https://www.americanexpress.com/us/credit-cards/card/serve/","YOUR PREPAID DEBIT ACCOUNTNo credit check, no minimum balance, and no hidden fees.",0,0,0,0,0,0,0,"https://icm.aexp-static.com/Internet/Acquisition/US_en/AppContent/OneSite/category/cardarts/blue-sky.png",0.019,0,TRUE,FALSE,NA,NA,NA,NA,NA,NA,NA,NA,NA,0,0,0,0,0,0,0,0,0,0,0,0,0,0,0,0,0,0,0
"Blue Cash from American Express Card","American Express Membership Rewards","Amex","https://www.americanexpress.com/us/credit-cards/card/blue-cash/","Enjoy Cash Back Rewards<U+0087>",0,0,0,0,NA,0,0,NA,0.019,0,TRUE,FALSE,NA,NA,NA,NA,NA,NA,NA,NA,NA,NA,NA,NA,NA,NA,NA,NA,NA,NA,NA,NA,NA,NA,NA,NA,NA,NA,0,0
"Upromise World MasterCard","Barclaycard Arrival Miles","Barclay","https://home.barclaycardus.com/cards/upromise-world-mastercard.html","Earn 5%                                        cash back on eligible purchases                                                                                                                                                No cash back maximums                                                                                                                                                                                        $50 cash back bonus                                        after first use                                                                                                                                                $0                                        annual fee",0,0,0,0,NA,0,0,NA,0.01,NA,NA,NA,NA,NA,NA,NA,NA,NA,NA,NA,NA,NA,NA,NA,NA,NA,NA,NA,NA,NA,NA,NA,NA,NA,NA,NA,NA,NA,NA,0
